{
  "project_info": {
    "project_number": "1029908185971",
    "firebase_url": "https://snapp-8f048.firebaseio.com",
    "project_id": "snapp-8f048",
    "storage_bucket": "snapp-8f048.appspot.com"
  },
  "client": [
    {
      "client_info": {
        "mobilesdk_app_id": "1:1029908185971:android:ea02260723399f92e0fb06",
        "android_client_info": {
          "package_name": "com.myappcompany.snapp"
        }
      },
      "oauth_client": [
        {
          "client_id": "1029908185971-3etqgigr6s2s4hh35o76go03bcv8ap82.apps.googleusercontent.com",
          "client_type": 3
        }
      ],
      "api_key": [
        {
          "current_key": "AIzaSyDmYaDkKhyzofDeFSiwF7hcEcE0Kj00laE"
        }
      ],
      "services": {
        "appinvite_service": {
          "other_platform_oauth_client": [
            {
              "client_id": "1029908185971-3etqgigr6s2s4hh35o76go03bcv8ap82.apps.googleusercontent.com",
              "client_type": 3
            }
          ]
        }
      }
    }
  ],
  "configuration_version": "1"
}